"","DATE","PN","CN","COVID"
"1",20190201,-0.129881688526698,4450,0
"2",20190202,-0.129881688526699,5343,0
"3",20190203,-0.129881688526699,5191,0
"4",20190204,-0.129881688526699,4511,0
"5",20190205,-0.129881688526698,3559,0
"6",20190206,-0.129881688526698,4185,0
"7",20190207,-0.129881688526698,3335,0
"8",20190208,-0.129881688526698,3835,0
"9",20190209,-0.129881688526699,5025,0
"10",20190210,-0.129881688526698,4714,0
"11",20190211,-0.129881688526698,3460,0
"12",20190212,-0.129881688526698,3235,0
"13",20190213,-0.129881688526698,3868,0
"14",20190214,-0.129881688526699,4478,0
"15",20190215,-0.129881688526699,4519,0
"16",20190216,-0.129881688526699,6335,0
"17",20190217,-0.129881688526699,5443,0
"18",20190218,-0.129881688526698,3867,0
"19",20190219,-0.129881688526698,3371,0
"20",20190220,-0.129881688526698,3849,0
"21",20190221,-0.129881688526698,3833,0
"22",20190222,-0.129881688526699,4262,0
"23",20190223,-0.129881688526699,6690,0
"24",20190224,-0.129881688526699,5661,0
"25",20190225,-0.129881688526698,3907,0
"26",20190226,-0.129881688526698,3793,0
"27",20190227,-0.129881688526699,4030,0
"28",20190228,-0.129881688526699,4338,0
"29",20190301,-0.245236081736428,6521,0
"30",20190302,-0.245236081736428,6447,0
"31",20190303,-0.245236081736428,4895,0
"32",20190304,-0.245236081736429,3150,0
"33",20190305,-0.245236081736429,3033,0
"34",20190306,-0.245236081736429,3373,0
"35",20190307,-0.245236081736429,3163,0
"36",20190308,-0.245236081736429,3786,0
"37",20190309,-0.245236081736428,5395,0
"38",20190310,-0.245236081736429,4826,0
"39",20190311,-0.245236081736429,3304,0
"40",20190312,-0.245236081736429,3280,0
"41",20190313,-0.245236081736429,3497,0
"42",20190314,-0.245236081736429,3945,0
"43",20190315,-0.245236081736429,4009,0
"44",20190316,-0.245236081736428,6280,0
"45",20190317,-0.245236081736428,5161,0
"46",20190318,-0.245236081736429,3383,0
"47",20190319,-0.245236081736429,3273,0
"48",20190320,-0.245236081736429,3774,0
"49",20190321,-0.245236081736429,3572,0
"50",20190322,-0.245236081736429,4086,0
"51",20190323,-0.245236081736428,6178,0
"52",20190324,-0.245236081736428,4994,0
"53",20190325,-0.245236081736429,3274,0
"54",20190326,-0.245236081736429,3295,0
"55",20190327,-0.245236081736429,3549,0
"56",20190328,-0.245236081736429,3804,0
"57",20190329,-0.245236081736429,4258,0
"58",20190330,-0.245236081736428,6184,0
"59",20190331,-0.245236081736428,4943,0
"60",20190401,-0.572653795991625,3203,0
"61",20190402,-0.572653795991624,3296,0
"62",20190403,-0.572653795991624,3608,0
"63",20190404,-0.572653795991625,3646,0
"64",20190405,-0.572653795991624,3838,0
"65",20190406,-0.572653795991622,5917,0
"66",20190407,-0.572653795991624,4959,0
"67",20190408,-0.572653795991626,3233,0
"68",20190409,-0.572653795991625,3398,0
"69",20190410,-0.572653795991625,3474,0
"70",20190411,-0.572653795991625,3677,0
"71",20190412,-0.572653795991623,4497,0
"72",20190413,-0.572653795991622,5831,0
"73",20190414,-0.572653795991624,4695,0
"74",20190415,-0.572653795991625,3341,0
"75",20190416,-0.572653795991625,3661,0
"76",20190417,-0.572653795991625,3456,0
"77",20190418,-0.572653795991625,3847,0
"78",20190419,-0.572653795991625,4170,0
"79",20190420,-0.572653795991623,6517,0
"80",20190421,-0.572653795991623,5098,0
"81",20190422,-0.572653795991626,3486,0
"82",20190423,-0.572653795991625,3560,0
"83",20190424,-0.572653795991624,3715,0
"84",20190425,-0.572653795991624,4058,0
"85",20190426,-0.572653795991624,4355,0
"86",20190427,-0.572653795991622,6104,0
"87",20190428,-0.572653795991624,5241,0
"88",20190429,-0.572653795991625,3387,0
"89",20190430,-0.572653795991625,3894,0
"90",20190501,-0.518804080784321,3887,0
"91",20190502,-0.518804080784321,3249,0
"92",20190503,-0.518804080784321,3880,0
"93",20190504,-0.518804080784321,5712,0
"94",20190505,-0.518804080784321,5680,0
"95",20190506,-0.518804080784321,4341,0
"96",20190507,-0.518804080784321,3419,0
"97",20190508,-0.518804080784321,3903,0
"98",20190509,-0.518804080784321,3578,0
"99",20190510,-0.518804080784321,3976,0
"100",20190511,-0.518804080784321,5969,0
"101",20190512,-0.518804080784321,5054,0
"102",20190513,-0.518804080784321,3222,0
"103",20190514,-0.518804080784321,3519,0
"104",20190515,-0.518804080784321,3507,0
"105",20190516,-0.518804080784321,3697,0
"106",20190517,-0.518804080784321,4277,0
"107",20190518,-0.518804080784321,6131,0
"108",20190519,-0.518804080784321,4962,0
"109",20190520,-0.518804080784321,3572,0
"110",20190521,-0.518804080784321,3408,0
"111",20190522,-0.518804080784321,3487,0
"112",20190523,-0.518804080784321,3601,0
"113",20190524,-0.518804080784321,4262,0
"114",20190525,-0.518804080784321,6686,0
"115",20190526,-0.518804080784321,4977,0
"116",20190527,-0.518804080784321,3539,0
"117",20190528,-0.518804080784321,3535,0
"118",20190529,-0.518804080784321,3629,0
"119",20190530,-0.518804080784321,3808,0
"120",20190531,-0.518804080784321,4388,0
"121",20200201,-0.101845216751098,4725,0
"122",20200202,-0.101845216751098,3828,2
"123",20200203,-0.101845216751098,3130,15
"124",20200204,-0.101845216751098,3376,0
"125",20200205,-0.101845216751098,3423,18
"126",20200206,-0.101845216751098,3337,23
"127",20200207,-0.101845216751098,3681,24
"128",20200208,-0.101845216751098,4163,24
"129",20200209,-0.101845216751098,3923,27
"130",20200210,-0.101845216751098,3319,27
"131",20200211,-0.101845216751098,3388,28
"132",20200212,-0.101845216751098,3007,28
"133",20200213,-0.101845216751098,3557,28
"134",20200214,-0.101845216751098,4454,28
"135",20200215,-0.101845216751098,4879,28
"136",20200216,-0.101845216751098,4279,29
"137",20200217,-0.101845216751098,3137,30
"138",20200218,-0.101845216751098,3395,31
"139",20200219,-0.101845216751098,3221,51
"140",20200220,-0.101845216751098,3366,104
"141",20200221,-0.101845216751098,3308,204
"142",20200222,-0.101845216751098,3628,433
"143",20200223,-0.101845216751098,3116,602
"144",20200224,-0.101845216751098,2749,833
"145",20200225,-0.101845216751098,2321,893
"146",20200226,-0.101845216751098,2463,1261
"147",20200227,-0.101845216751098,2165,1766
"148",20200228,-0.101845216751098,2420,2337
"149",20200301,0.737084289391834,2281,3736
"150",20200302,0.737084289391835,2011,4212
"151",20200303,0.737084289391834,1794,4812
"152",20200304,0.737084289391834,1870,5328
"153",20200305,0.737084289391834,1994,5766
"154",20200306,0.737084289391835,2427,6284
"155",20200307,0.737084289391835,2830,6767
"156",20200308,0.737084289391834,2483,7134
"157",20200309,0.737084289391834,1941,7382
"158",20200310,0.737084289391834,1938,7513
"159",20200311,0.737084289391835,2200,7755
"160",20200312,0.737084289391834,2239,7869
"161",20200313,0.737084289391834,2592,7979
"162",20200314,0.737084289391836,3525,8086
"163",20200315,0.737084289391835,2855,8162
"164",20200316,0.737084289391834,1985,8236
"165",20200317,0.737084289391834,1895,8320
"166",20200318,0.737084289391834,1911,8413
"167",20200319,0.737084289391834,2023,8565
"168",20200320,0.737084289391834,2289,8652
"169",20200321,0.737084289391834,2911,8799
"170",20200322,0.737084289391835,2814,8897
"171",20200323,0.737084289391834,1719,8961
"172",20200324,0.737084289391834,1862,9037
"173",20200325,0.737084289391834,1849,9137
"174",20200326,0.737084289391834,1923,9241
"175",20200327,0.737084289391835,2224,9332
"176",20200328,0.737084289391835,3208,9478
"177",20200329,0.737084289391835,2540,9583
"178",20200330,0.737084289391834,1876,9661
"179",20200331,0.737084289391834,1917,9786
"180",20200401,-0.525340408086777,2021,9887
"181",20200402,-0.525340408086777,2092,9976
"182",20200403,-0.525340408086777,2289,10062
"183",20200404,-0.525340408086777,3132,10156
"184",20200405,-0.525340408086777,2486,10237
"185",20200406,-0.525340408086777,1838,10284
"186",20200407,-0.525340408086777,1759,10331
"187",20200408,-0.525340408086777,1786,10384
"188",20200409,-0.525340408086777,1909,10423
"189",20200410,-0.525340408086777,2081,10450
"190",20200411,-0.525340408086777,3498,10480
"191",20200412,-0.525340408086777,2798,10512
"192",20200413,-0.525340408086777,2010,10537
"193",20200414,-0.525340408086777,2273,10564
"194",20200415,-0.525340408086777,2392,10591
"195",20200416,-0.525340408086777,1989,10613
"196",20200417,-0.525340408086777,2366,10635
"197",20200418,-0.525340408086777,3385,10653
"198",20200419,-0.525340408086777,2971,10661
"199",20200420,-0.525340408086777,1897,10674
"200",20200421,-0.525340408086777,2251,10683
"201",20200422,-0.525340408086777,2107,10694
"202",20200423,-0.525340408086777,2225,10702
"203",20200424,-0.525340408086777,2688,10708
"204",20200425,-0.525340408086777,3940,10718
"205",20200426,-0.525340408086777,3469,10728
"206",20200427,-0.525340408086777,2097,10738
"207",20200428,-0.525340408086777,2326,10752
"208",20200429,-0.525340408086777,2706,10761
"209",20200430,-0.525340408086777,4216,10765
"210",20200501,-0.507604950004152,3883,10774
"211",20200502,-0.507604950004152,4162,10780
"212",20200503,-0.507604950004152,3941,10793
"213",20200504,-0.507604950004152,3379,10801
"214",20200505,-0.507604950004152,3672,10804
"215",20200506,-0.507604950004152,2323,10806
"216",20200507,-0.507604950004152,2549,10810
"217",20200508,-0.507604950004152,2921,10822
"218",20200509,-0.507604950004152,4008,10840
"219",20200510,-0.507604950004152,3636,10874
"220",20200511,-0.507604950004152,2424,10909
"221",20200512,-0.507604950004152,2147,10936
"222",20200513,-0.507604950004152,2423,10962
"223",20200514,-0.507604950004152,2814,10991
"224",20200515,-0.507604950004152,3018,11018
"225",20200516,-0.507604950004152,4349,11037
"226",20200517,-0.507604950004152,4161,11050
"227",20200518,-0.507604950004152,2627,11065
"228",20200519,-0.507604950004152,2500,11078
"229",20200520,-0.507604950004152,2523,11110
"230",20200521,-0.507604950004152,2933,11122
"231",20200522,-0.507604950004152,3480,11142
"232",20200523,-0.507604950004152,4459,11165
"233",20200524,-0.507604950004152,4174,11190
"234",20200525,-0.507604950004152,2563,11206
"235",20200526,-0.507604950004152,2707,11225
"236",20200527,-0.507604950004152,2882,11265
"237",20200528,-0.507604950004152,2733,11344
"238",20200529,-0.507604950004152,3392,11402
"239",20200530,-0.507604950004152,4585,11441
"240",20200531,-0.507604950004152,4318,11468
"241",190201,-0.44806997,2434,0
"242",190202,-0.44806997,10,0
"243",190203,-0.44806997,7,0
"244",190204,-0.44806997,1,0
"245",190206,-0.44806997,4364,0
"246",190207,-0.44806997,8816,0
"247",190208,-0.44806997,5948,0
"248",190209,-0.44806997,2076,0
"249",190210,-0.44806997,1781,0
"250",190211,-0.44806997,7665,0
"251",190212,-0.44806997,5972,0
"252",190213,-0.44806997,5978,0
"253",190214,-0.44806997,4790,0
"254",190215,-0.44806997,4606,0
"255",190216,-0.44806997,1735,0
"256",190217,-0.44806997,1756,0
"257",190218,-0.44806997,7715,0
"258",190219,-0.44806997,6164,0
"259",190220,-0.44806997,5695,0
"260",190221,-0.44806997,5202,0
"261",190222,-0.44806997,4749,0
"262",190223,-0.44806997,1712,0
"263",190224,-0.44806997,1586,0
"264",190225,-0.44806997,7507,0
"265",190226,-0.44806997,6597,0
"266",190227,-0.44806997,6191,0
"267",190228,-0.44806997,5857,0
"268",190301,0.194550623,1185,0
"269",190302,0.194550623,2697,0
"270",190303,0.194550623,2470,0
"271",190304,0.194550623,7221,0
"272",190305,0.194550623,7238,0
"273",190306,0.194550623,6662,0
"274",190307,0.194550623,6882,0
"275",190308,0.194550623,6521,0
"276",190309,0.194550623,3185,0
"277",190310,0.194550623,3280,0
"278",190311,0.194550623,7654,0
"279",190312,0.194550623,6781,0
"280",190313,0.194550623,6395,0
"281",190314,0.194550623,5827,0
"282",190315,0.194550623,5253,0
"283",190316,0.194550623,1919,0
"284",190317,0.194550623,2097,0
"285",190318,0.194550623,7430,0
"286",190319,0.194550623,5759,0
"287",190320,0.194550623,5541,0
"288",190321,0.194550623,4745,0
"289",190322,0.194550623,4458,0
"290",190323,0.194550623,1115,0
"291",190324,0.194550623,2007,0
"292",190325,0.194550623,7024,0
"293",190326,0.194550623,6569,0
"294",190327,0.194550623,7552,0
"295",190328,0.194550623,6484,0
"296",190329,0.194550623,6517,0
"297",190330,0.194550623,1389,0
"298",190331,0.194550623,1653,0
"299",190401,-0.024061441,6951,0
"300",190402,-0.024061441,5521,0
"301",190403,-0.024061441,5306,0
"302",190404,-0.024061441,4462,0
"303",190405,-0.024061441,3694,0
"304",190406,-0.024061441,1291,0
"305",190407,-0.024061441,1540,0
"306",190408,-0.024061441,5865,0
"307",190409,-0.024061441,4699,0
"308",190410,-0.024061441,4489,0
"309",190411,-0.024061441,4331,0
"310",190412,-0.024061441,5133,0
"311",190413,-0.024061441,2279,0
"312",190414,-0.024061441,2624,0
"313",190415,-0.024061441,5736,0
"314",190416,-0.024061441,5092,0
"315",190417,-0.024061441,5030,0
"316",190418,-0.024061441,4255,0
"317",190419,-0.024061441,4651,0
"318",190420,-0.024061441,1146,0
"319",190421,-0.024061441,1358,0
"320",190422,-0.024061441,5854,0
"321",190423,-0.024061441,4733,0
"322",190424,-0.024061441,4368,0
"323",190425,-0.024061441,4716,0
"324",190426,-0.024061441,3726,0
"325",190427,-0.024061441,1228,0
"326",190428,-0.024061441,1126,0
"327",190429,-0.024061441,6356,0
"328",190430,-0.024061441,4986,0
"329",190501,-0.497962785,525,0
"330",190502,-0.497962785,5775,0
"331",190503,-0.497962785,4519,0
"332",190504,-0.497962785,1516,0
"333",190505,-0.497962785,690,0
"334",190506,-0.497962785,1968,0
"335",190507,-0.497962785,6388,0
"336",190508,-0.497962785,4929,0
"337",190509,-0.497962785,4112,0
"338",190510,-0.497962785,4002,0
"339",190511,-0.497962785,1075,0
"340",190512,-0.497962785,1148,0
"341",190513,-0.497962785,5759,0
"342",190514,-0.497962785,4543,0
"343",190515,-0.497962785,3712,0
"344",190516,-0.497962785,3930,0
"345",190517,-0.497962785,4136,0
"346",190518,-0.497962785,1113,0
"347",190519,-0.497962785,1455,0
"348",190520,-0.497962785,6363,0
"349",190521,-0.497962785,4899,0
"350",190522,-0.497962785,4044,0
"351",190523,-0.497962785,3909,0
"352",190524,-0.497962785,3951,0
"353",190525,-0.497962785,1010,0
"354",190526,-0.497962785,1575,0
"355",190527,-0.497962785,7115,0
"356",190528,-0.497962785,6745,0
"357",190529,-0.497962785,4517,0
"358",190530,-0.497962785,4013,0
"359",190531,-0.497962785,3316,0
"360",200201,-0.127414823,2030,0
"361",200202,-0.127414823,2312,2
"362",200203,-0.127414823,8468,15
"363",200204,-0.127414823,6275,0
"364",200205,-0.127414823,6100,18
"365",200206,-0.127414823,5333,23
"366",200207,-0.127414823,5126,24
"367",200208,-0.127414823,1693,24
"368",200209,-0.127414823,1900,27
"369",200210,-0.127414823,8153,27
"370",200211,-0.127414823,6042,28
"371",200212,-0.127414823,5156,28
"372",200213,-0.127414823,6179,28
"373",200214,-0.127414823,5580,28
"374",200215,-0.127414823,1722,28
"375",200216,-0.127414823,1849,29
"376",200217,-0.127414823,8395,30
"377",200218,-0.127414823,6725,31
"378",200219,-0.127414823,6219,51
"379",200220,-0.127414823,6077,104
"380",200221,-0.127414823,7130,204
"381",200222,-0.127414823,2034,433
"382",200223,-0.127414823,4056,602
"383",200224,-0.127414823,9640,833
"384",200225,-0.127414823,8625,893
"385",200226,-0.127414823,7434,1261
"386",200227,-0.127414823,8577,1766
"387",200228,-0.127414823,6829,2337
"388",200301,0.147635734,2868,3736
"389",200302,0.147635734,10329,4212
"390",200303,0.147635734,8303,4812
"391",200304,0.147635734,7891,5328
"392",200305,0.147635734,8200,5766
"393",200306,0.147635734,7993,6284
"394",200307,0.147635734,2865,6767
"395",200308,0.147635734,3415,7134
"396",200309,0.147635734,9926,7382
"397",200310,0.147635734,8066,7513
"398",200311,0.147635734,7534,7755
"399",200312,0.147635734,7357,7869
"400",200313,0.147635734,6599,7979
"401",200314,0.147635734,2521,8086
"402",200315,0.147635734,3373,8162
"403",200316,0.147635734,9617,8236
"404",200317,0.147635734,8610,8320
"405",200318,0.147635734,8645,8413
"406",200319,0.147635734,8322,8565
"407",200320,0.147635734,7350,8652
"408",200321,0.147635734,3578,8799
"409",200322,0.147635734,3035,8897
"410",200323,0.147635734,9700,8961
"411",200324,0.147635734,8878,9037
"412",200325,0.147635734,8017,9137
"413",200326,0.147635734,7706,9241
"414",200327,0.147635734,7572,9332
"415",200328,0.147635734,2707,9478
"416",200329,0.147635734,2490,9583
"417",200330,0.147635734,9786,9661
"418",200331,0.147635734,8083,9786
"419",200401,0.435794522,7071,9887
"420",200402,0.435794522,7886,9976
"421",200403,0.435794522,6694,10062
"422",200404,0.435794522,2060,10156
"423",200405,0.435794522,2450,10237
"424",200406,0.435794522,8949,10284
"425",200407,0.435794522,8456,10331
"426",200408,0.435794522,9641,10384
"427",200409,0.435794522,6324,10423
"428",200410,0.435794522,5965,10450
"429",200411,0.435794522,1991,10480
"430",200412,0.435794522,2250,10512
"431",200413,0.435794522,8679,10537
"432",200414,0.435794522,8684,10564
"433",200415,0.435794522,843,10591
"434",200416,0.435794522,9920,10613
"435",200417,0.435794522,6671,10635
"436",200418,0.435794522,2293,10653
"437",200419,0.435794522,2095,10661
"438",200420,0.435794522,9397,10674
"439",200421,0.435794522,7269,10683
"440",200422,0.435794522,6751,10694
"441",200423,0.435794522,7524,10702
"442",200424,0.435794522,7612,10708
"443",200425,0.435794522,1772,10718
"444",200426,0.435794522,2446,10728
"445",200427,0.435794522,9236,10738
"446",200428,0.435794522,7947,10752
"447",200429,0.435794522,7042,10761
"448",200430,0.435794522,686,10765
"449",200501,0.142105615,7884,10774
"450",200502,0.142105615,7390,10780
"451",200503,0.142105615,7018,10793
"452",200504,0.142105615,16946,10801
"453",200505,0.142105615,1418,10804
"454",200506,0.142105615,18772,10806
"455",200507,0.142105615,13868,10810
"456",200508,0.142105615,10900,10822
"457",200509,0.142105615,3186,10840
"458",200510,0.142105615,4446,10874
"459",200511,0.142105615,14910,10909
"460",200512,0.142105615,12150,10936
"461",200513,0.142105615,10852,10962
"462",200514,0.142105615,10970,10991
"463",200515,0.142105615,10266,11018
"464",200516,0.142105615,3466,11037
"465",200517,0.142105615,3632,11050
"466",200518,0.142105615,15394,11065
"467",200519,0.142105615,13246,11078
"468",200520,0.142105615,10964,11110
"469",200521,0.142105615,11064,11122
"470",200522,0.142105615,11620,11142
"471",200523,0.142105615,2886,11165
"472",200524,0.142105615,4496,11190
"473",200525,0.142105615,17922,11206
"474",200526,0.142105615,13564,11225
"475",200527,0.142105615,14044,11265
"476",200528,0.142105615,13312,11344
"477",200529,0.142105615,12310,11402
"478",200530,0.142105615,2098,11441
"479",200531,0.142105615,4560,11468
"480",190201,0.488422781,1336,0
"481",190202,0.488422781,109,0
"482",190203,0.488422781,157,0
"483",190204,0.488422781,12,0
"484",190205,0.488422781,21,0
"485",190206,0.488422781,6500,0
"486",190207,0.488422781,32259,0
"487",190208,0.488422781,20186,0
"488",190209,0.488422781,2523,0
"489",190210,0.488422781,3398,0
"490",190211,0.488422781,30563,0
"491",190212,0.488422781,21465,0
"492",190213,0.488422781,19101,0
"493",190214,0.488422781,16881,0
"494",190215,0.488422781,15554,0
"495",190216,0.488422781,1876,0
"496",190217,0.488422781,3373,0
"497",190218,0.488422781,26013,0
"498",190219,0.488422781,18050,0
"499",190220,0.488422781,16512,0
"500",190221,0.488422781,15641,0
"501",190222,0.488422781,14144,0
"502",190223,0.488422781,1226,0
"503",190224,0.488422781,2467,0
"504",190225,0.488422781,26391,0
"505",190226,0.488422781,18035,0
"506",190227,0.488422781,16673,0
"507",190228,0.488422781,10109,0
"508",190301,-0.001237015,752,0
"509",190302,-0.001237015,2028,0
"510",190303,-0.001237015,5238,0
"511",190304,-0.001237015,34387,0
"512",190305,-0.001237015,20544,0
"513",190306,-0.001237015,17849,0
"514",190307,-0.001237015,16047,0
"515",190308,-0.001237015,14805,0
"516",190309,-0.001237015,1498,0
"517",190310,-0.001237015,2697,0
"518",190311,-0.001237015,27954,0
"519",190312,-0.001237015,18814,0
"520",190313,-0.001237015,16673,0
"521",190314,-0.001237015,15943,0
"522",190315,-0.001237015,15147,0
"523",190316,-0.001237015,1172,0
"524",190317,-0.001237015,3543,0
"525",190318,-0.001237015,26693,0
"526",190319,-0.001237015,18404,0
"527",190320,-0.001237015,15748,0
"528",190321,-0.001237015,16096,0
"529",190322,-0.001237015,14474,0
"530",190323,-0.001237015,1190,0
"531",190324,-0.001237015,2573,0
"532",190325,-0.001237015,26610,0
"533",190326,-0.001237015,18596,0
"534",190327,-0.001237015,16619,0
"535",190328,-0.001237015,15283,0
"536",190329,-0.001237015,13707,0
"537",190330,-0.001237015,1352,0
"538",190331,-0.001237015,2636,0
"539",190401,0.541303435,27715,0
"540",190402,0.541303435,19472,0
"541",190403,0.541303435,17362,0
"542",190404,0.541303435,16808,0
"543",190405,0.541303435,14804,0
"544",190406,0.541303435,1212,0
"545",190407,0.541303435,2443,0
"546",190408,0.541303435,26609,0
"547",190409,0.541303435,18234,0
"548",190410,0.541303435,16335,0
"549",190411,0.541303435,16870,0
"550",190412,0.541303435,16466,0
"551",190413,0.541303435,1547,0
"552",190414,0.541303435,3139,0
"553",190415,0.541303435,27792,0
"554",190416,0.541303435,19352,0
"555",190417,0.541303435,17162,0
"556",190418,0.541303435,16579,0
"557",190419,0.541303435,14776,0
"558",190420,0.541303435,1077,0
"559",190421,0.541303435,2233,0
"560",190422,0.541303435,26328,0
"561",190423,0.541303435,18031,0
"562",190424,0.541303435,16689,0
"563",190425,0.541303435,15961,0
"564",190426,0.541303435,14188,0
"565",190427,0.541303435,1418,0
"566",190428,0.541303435,2637,0
"567",190429,0.541303435,25665,0
"568",190430,0.541303435,17265,0
"569",190501,-0.068880247,9918,0
"570",190502,-0.068880247,21998,0
"571",190503,-0.068880247,16285,0
"572",190504,-0.068880247,1438,0
"573",190505,-0.068880247,449,0
"574",190506,-0.068880247,7284,0
"575",190507,-0.068880247,29639,0
"576",190508,-0.068880247,19624,0
"577",190509,-0.068880247,16801,0
"578",190510,-0.068880247,14639,0
"579",190511,-0.068880247,1310,0
"580",190512,-0.068880247,3633,0
"581",190513,-0.068880247,28017,0
"582",190514,-0.068880247,19000,0
"583",190515,-0.068880247,17664,0
"584",190516,-0.068880247,16698,0
"585",190517,-0.068880247,14343,0
"586",190518,-0.068880247,1261,0
"587",190519,-0.068880247,2712,0
"588",190520,-0.068880247,26219,0
"589",190521,-0.068880247,19201,0
"590",190522,-0.068880247,18753,0
"591",190523,-0.068880247,18432,0
"592",190524,-0.068880247,16010,0
"593",190525,-0.068880247,1724,0
"594",190526,-0.068880247,2906,0
"595",190527,-0.068880247,27631,0
"596",190528,-0.068880247,20119,0
"597",190529,-0.068880247,18423,0
"598",190530,-0.068880247,16796,0
"599",190531,-0.068880247,14969,0
"600",200201,-0.017809922,1514,0
"601",200202,-0.017809922,4186,2
"602",200203,-0.017809922,36594,15
"603",200204,-0.017809922,25004,0
"604",200205,-0.017809922,22378,18
"605",200206,-0.017809922,21631,23
"606",200207,-0.017809922,20113,24
"607",200208,-0.017809922,2123,24
"608",200209,-0.017809922,4322,27
"609",200210,-0.017809922,36235,27
"610",200211,-0.017809922,24886,28
"611",200212,-0.017809922,24182,28
"612",200213,-0.017809922,21955,28
"613",200214,-0.017809922,20160,28
"614",200215,-0.017809922,2066,28
"615",200216,-0.017809922,3561,29
"616",200217,-0.017809922,35626,30
"617",200218,-0.017809922,24706,31
"618",200219,-0.017809922,23279,51
"619",200220,-0.017809922,27826,104
"620",200221,-0.017809922,33625,204
"621",200222,-0.017809922,4077,433
"622",200223,-0.017809922,7319,602
"623",200224,-0.017809922,56108,833
"624",200225,-0.017809922,36235,893
"625",200226,-0.017809922,37504,1261
"626",200227,-0.017809922,34547,1766
"627",200228,-0.017809922,29523,2337
"628",200301,-0.313258422,8479,3736
"629",200302,-0.313258422,52321,4212
"630",200303,-0.313258422,34968,4812
"631",200304,-0.313258422,32213,5328
"632",200305,-0.313258422,32189,5766
"633",200306,-0.313258422,28672,6284
"634",200307,-0.313258422,3380,6767
"635",200308,-0.313258422,6314,7134
"636",200309,-0.313258422,46779,7382
"637",200310,-0.313258422,29763,7513
"638",200311,-0.313258422,29508,7755
"639",200312,-0.313258422,29440,7869
"640",200313,-0.313258422,25609,7979
"641",200314,-0.313258422,3545,8086
"642",200315,-0.313258422,6452,8162
"643",200316,-0.313258422,46807,8236
"644",200317,-0.313258422,29903,8320
"645",200318,-0.313258422,27721,8413
"646",200319,-0.313258422,26529,8565
"647",200320,-0.313258422,24623,8652
"648",200321,-0.313258422,2764,8799
"649",200322,-0.313258422,4366,8897
"650",200323,-0.313258422,43166,8961
"651",200324,-0.313258422,28432,9037
"652",200325,-0.313258422,25833,9137
"653",200326,-0.313258422,25196,9241
"654",200327,-0.313258422,22343,9332
"655",200328,-0.313258422,2283,9478
"656",200329,-0.313258422,4371,9583
"657",200330,-0.313258422,40128,9661
"658",200331,-0.313258422,27722,9786
"659",200401,-0.065209958,26990,9887
"660",200402,-0.065209958,27928,9976
"661",200403,-0.065209958,23400,10062
"662",200404,-0.065209958,2206,10156
"663",200405,-0.065209958,4178,10237
"664",200406,-0.065209958,41676,10284
"665",200407,-0.065209958,27391,10331
"666",200408,-0.065209958,24975,10384
"667",200409,-0.065209958,25303,10423
"668",200410,-0.065209958,22479,10450
"669",200411,-0.065209958,1876,10480
"670",200412,-0.065209958,5349,10512
"671",200413,-0.065209958,44644,10537
"672",200414,-0.065209958,16852,10564
"673",200415,-0.065209958,1240,10591
"674",200416,-0.065209958,42161,10613
"675",200417,-0.065209958,24206,10635
"676",200418,-0.065209958,1814,10653
"677",200419,-0.065209958,4482,10661
"678",200420,-0.065209958,40630,10674
"679",200421,-0.065209958,26718,10683
"680",200422,-0.065209958,24843,10694
"681",200423,-0.065209958,24365,10702
"682",200424,-0.065209958,22034,10708
"683",200425,-0.065209958,1707,10718
"684",200426,-0.065209958,4114,10728
"685",200427,-0.065209958,42930,10738
"686",200428,-0.065209958,28800,10752
"687",200429,-0.065209958,15862,10761
"688",200430,-0.065209958,648,10765
"689",200501,-0.001237015,24112,10774
"690",200502,-0.001237015,2172,10780
"691",200503,-0.001237015,6315,10793
"692",200504,-0.001237015,31828,10801
"693",200505,-0.001237015,4681,10804
"694",200506,-0.001237015,49334,10806
"695",200507,-0.001237015,30085,10810
"696",200508,-0.001237015,23891,10822
"697",200509,-0.001237015,2355,10840
"698",200510,-0.001237015,4395,10874
"699",200511,-0.001237015,40911,10909
"700",200512,-0.001237015,29084,10936
"701",200513,-0.001237015,25263,10962
"702",200514,-0.001237015,23589,10991
"703",200515,-0.001237015,20462,11018
"704",200516,-0.001237015,1629,11037
"705",200517,-0.001237015,4041,11050
"706",200518,-0.001237015,39394,11065
"707",200519,-0.001237015,26717,11078
"708",200520,-0.001237015,26811,11110
"709",200521,-0.001237015,23767,11122
"710",200522,-0.001237015,21656,11142
"711",200523,-0.001237015,2631,11165
"712",200524,-0.001237015,4241,11190
"713",200525,-0.001237015,39453,11206
"714",200526,-0.001237015,27392,11225
"715",200527,-0.001237015,23622,11265
"716",200528,-0.001237015,22348,11344
"717",200529,-0.001237015,19415,11402
"718",200530,-0.001237015,1335,11441
"719",200531,-0.001237015,2068,11468
"720",190201,0.296004133565085,53,0
"721",190202,0.296004133565085,6,0
"722",190203,0.296004133565085,1,0
"723",190206,0.296004133565085,282,0
"724",190207,0.296004133565085,1897,0
"725",190208,0.296004133565085,1028,0
"726",190209,0.296004133565086,131,0
"727",190210,0.296004133565085,34,0
"728",190211,0.296004133565085,1887,0
"729",190212,0.296004133565085,1004,0
"730",190213,0.296004133565085,980,0
"731",190214,0.296004133565085,771,0
"732",190215,0.296004133565085,899,0
"733",190216,0.296004133565086,169,0
"734",190217,0.296004133565085,31,0
"735",190218,0.296004133565085,1594,0
"736",190219,0.296004133565085,1041,0
"737",190220,0.296004133565085,871,0
"738",190221,0.296004133565085,793,0
"739",190222,0.296004133565085,943,0
"740",190223,0.296004133565086,91,0
"741",190224,0.296004133565086,143,0
"742",190225,0.296004133565085,1568,0
"743",190226,0.296004133565085,962,0
"744",190227,0.296004133565085,925,0
"745",190228,0.296004133565085,763,0
"746",190301,-0.0360423525174459,5,0
"747",190302,-0.0360423525174459,137,0
"748",190303,-0.0360423525174459,37,0
"749",190304,-0.0360423525174459,1871,0
"750",190305,-0.0360423525174459,1079,0
"751",190306,-0.0360423525174459,917,0
"752",190307,-0.0360423525174459,822,0
"753",190308,-0.0360423525174459,796,0
"754",190309,-0.0360423525174459,184,0
"755",190310,-0.0360423525174459,16,0
"756",190311,-0.0360423525174459,1637,0
"757",190312,-0.0360423525174459,967,0
"758",190313,-0.0360423525174459,909,0
"759",190314,-0.0360423525174459,763,0
"760",190315,-0.0360423525174459,703,0
"761",190316,-0.0360423525174459,115,0
"762",190317,-0.0360423525174459,25,0
"763",190318,-0.0360423525174459,1444,0
"764",190319,-0.0360423525174459,1079,0
"765",190320,-0.0360423525174459,885,0
"766",190321,-0.0360423525174459,823,0
"767",190322,-0.0360423525174459,733,0
"768",190323,-0.0360423525174459,78,0
"769",190324,-0.0360423525174459,12,0
"770",190325,-0.0360423525174459,1504,0
"771",190326,-0.0360423525174459,1053,0
"772",190327,-0.0360423525174459,820,0
"773",190328,-0.0360423525174459,802,0
"774",190329,-0.0360423525174459,789,0
"775",190330,-0.0360423525174459,142,0
"776",190331,-0.0360423525174459,17,0
"777",190401,0.342801077025277,1473,0
"778",190402,0.342801077025277,979,0
"779",190403,0.342801077025277,894,0
"780",190404,0.342801077025277,794,0
"781",190405,0.342801077025277,714,0
"782",190406,0.342801077025277,84,0
"783",190407,0.342801077025277,9,0
"784",190408,0.342801077025277,1415,0
"785",190409,0.342801077025277,977,0
"786",190410,0.342801077025277,856,0
"787",190411,0.342801077025277,836,0
"788",190412,0.342801077025277,794,0
"789",190413,0.342801077025277,84,0
"790",190414,0.342801077025277,13,0
"791",190415,0.342801077025277,1496,0
"792",190416,0.342801077025277,953,0
"793",190417,0.342801077025277,883,0
"794",190418,0.342801077025277,897,0
"795",190419,0.342801077025277,853,0
"796",190420,0.342801077025277,86,0
"797",190421,0.342801077025277,19,0
"798",190422,0.342801077025277,1549,0
"799",190423,0.342801077025277,982,0
"800",190424,0.342801077025277,908,0
"801",190425,0.342801077025277,861,0
"802",190426,0.342801077025277,758,0
"803",190427,0.342801077025277,103,0
"804",190428,0.342801077025277,36,0
"805",190429,0.342801077025277,1607,0
"806",190430,0.342801077025277,959,0
"807",190501,0.765996132578168,392,0
"808",190502,0.765996132578168,1298,0
"809",190503,0.765996132578168,808,0
"810",190504,0.765996132578169,84,0
"811",190505,0.765996132578168,7,0
"812",190506,0.765996132578169,128,0
"813",190507,0.765996132578168,2033,0
"814",190508,0.765996132578168,988,0
"815",190509,0.765996132578168,937,0
"816",190510,0.765996132578168,1074,0
"817",190511,0.765996132578169,280,0
"818",190512,0.765996132578168,58,0
"819",190513,0.765996132578168,1710,0
"820",190514,0.765996132578168,1204,0
"821",190515,0.765996132578168,1069,0
"822",190516,0.765996132578168,829,0
"823",190517,0.765996132578168,830,0
"824",190518,0.765996132578169,86,0
"825",190519,0.765996132578168,22,0
"826",190520,0.765996132578168,1523,0
"827",190521,0.765996132578168,939,0
"828",190522,0.765996132578168,855,0
"829",190523,0.765996132578168,972,0
"830",190524,0.765996132578168,776,0
"831",190525,0.765996132578169,84,0
"832",190526,0.765996132578168,11,0
"833",190527,0.765996132578168,1491,0
"834",190528,0.765996132578168,1029,0
"835",190529,0.765996132578168,1038,0
"836",190530,0.765996132578168,905,0
"837",190531,0.765996132578168,776,0
"838",200201,0.770475779260908,80,0
"839",200202,0.770475779260908,44,2
"840",200203,0.770475779260907,1545,15
"841",200204,0.770475779260907,995,0
"842",200205,0.770475779260907,959,18
"843",200206,0.770475779260907,815,23
"844",200207,0.770475779260907,690,24
"845",200208,0.770475779260908,74,24
"846",200209,0.770475779260908,35,27
"847",200210,0.770475779260907,1560,27
"848",200211,0.770475779260907,976,28
"849",200212,0.770475779260907,767,28
"850",200213,0.770475779260907,787,28
"851",200214,0.770475779260907,804,28
"852",200215,0.770475779260908,144,28
"853",200216,0.770475779260908,81,29
"854",200217,0.770475779260907,1556,30
"855",200218,0.770475779260907,861,31
"856",200219,0.770475779260907,762,51
"857",200220,0.770475779260907,690,104
"858",200221,0.770475779260907,670,204
"859",200222,0.770475779260908,82,433
"860",200223,0.770475779260908,20,602
"861",200224,0.770475779260907,1511,833
"862",200225,0.770475779260907,878,893
"863",200226,0.770475779260907,772,1261
"864",200227,0.770475779260907,887,1766
"865",200228,0.770475779260907,611,2337
"866",200301,0.723110496997833,193,3736
"867",200302,0.723110496997833,1662,4212
"868",200303,0.723110496997833,1022,4812
"869",200304,0.723110496997833,914,5328
"870",200305,0.723110496997833,898,5766
"871",200306,0.723110496997833,831,6284
"872",200307,0.723110496997833,91,6767
"873",200308,0.723110496997833,28,7134
"874",200309,0.723110496997833,1680,7382
"875",200310,0.723110496997833,1137,7513
"876",200311,0.723110496997833,952,7755
"877",200312,0.723110496997833,884,7869
"878",200313,0.723110496997833,808,7979
"879",200314,0.723110496997833,106,8086
"880",200315,0.723110496997833,42,8162
"881",200316,0.723110496997833,1656,8236
"882",200317,0.723110496997833,954,8320
"883",200318,0.723110496997833,991,8413
"884",200319,0.723110496997833,997,8565
"885",200320,0.723110496997833,791,8652
"886",200321,0.723110496997833,118,8799
"887",200322,0.723110496997833,52,8897
"888",200323,0.723110496997833,1839,8961
"889",200324,0.723110496997833,1047,9037
"890",200325,0.723110496997833,1085,9137
"891",200326,0.723110496997833,1088,9241
"892",200327,0.723110496997833,938,9332
"893",200328,0.723110496997833,105,9478
"894",200329,0.723110496997833,197,9583
"895",200330,0.723110496997833,1864,9661
"896",200331,0.723110496997833,1101,9786
"897",200401,0.373626138482775,1144,9887
"898",200402,0.373626138482775,1145,9976
"899",200403,0.373626138482775,1009,10062
"900",200404,0.373626138482775,104,10156
"901",200405,0.373626138482775,55,10237
"902",200406,0.373626138482775,2000,10284
"903",200407,0.373626138482775,1197,10331
"904",200408,0.373626138482775,1020,10384
"905",200409,0.373626138482775,1106,10423
"906",200410,0.373626138482775,892,10450
"907",200411,0.373626138482775,122,10480
"908",200412,0.373626138482775,37,10512
"909",200413,0.373626138482775,2058,10537
"910",200414,0.373626138482775,1209,10564
"911",200415,0.373626138482775,25,10591
"912",200416,0.373626138482775,1823,10613
"913",200417,0.373626138482775,1138,10635
"914",200418,0.373626138482775,171,10653
"915",200419,0.373626138482775,106,10661
"916",200420,0.373626138482775,1981,10674
"917",200421,0.373626138482775,1547,10683
"918",200422,0.373626138482775,1338,10694
"919",200423,0.373626138482775,1179,10702
"920",200424,0.373626138482775,1020,10708
"921",200425,0.373626138482775,115,10718
"922",200426,0.373626138482775,44,10728
"923",200427,0.373626138482775,2296,10738
"924",200428,0.373626138482775,1324,10752
"925",200429,0.373626138482775,1144,10761
"926",200430,0.373626138482775,10,10765
"927",200501,0.352702170610428,799,10774
"928",200502,0.352702170610428,190,10780
"929",200503,0.352702170610428,152,10793
"930",200504,0.352702170610428,2774,10801
"931",200505,0.352702170610428,79,10804
"932",200506,0.352702170610428,2257,10806
"933",200507,0.352702170610428,1384,10810
"934",200508,0.352702170610428,1175,10822
"935",200509,0.352702170610428,274,10840
"936",200510,0.352702170610428,52,10874
"937",200511,0.352702170610428,2297,10909
"938",200512,0.352702170610428,1560,10936
"939",200513,0.352702170610428,1299,10962
"940",200514,0.352702170610428,1216,10991
"941",200515,0.352702170610428,1164,11018
"942",200516,0.352702170610428,123,11037
"943",200517,0.352702170610428,92,11050
"944",200518,0.352702170610428,2275,11065
"945",200519,0.352702170610428,1427,11078
"946",200520,0.352702170610428,1297,11110
"947",200521,0.352702170610428,1257,11122
"948",200522,0.352702170610428,1063,11142
"949",200523,0.352702170610428,134,11165
"950",200524,0.352702170610428,54,11190
"951",200525,0.352702170610428,2337,11206
"952",200526,0.352702170610428,1378,11225
"953",200527,0.352702170610428,1380,11265
"954",200528,0.352702170610428,1343,11344
"955",200529,0.352702170610428,1066,11402
"956",200530,0.352702170610428,112,11441
"957",200531,0.352702170610428,21,11468
"958",190201,0.0242919921875,1483,0
"959",190202,0.0242919921875,133,0
"960",190203,0.0242919921875,80,0
"961",190204,0.0242919921875,80,0
"962",190205,0.0242919921875,23,0
"963",190206,0.0242919921875,7367,0
"964",190207,0.0242919921875,30123,0
"965",190208,0.0242919921875,17931,0
"966",190209,0.0242919921875,2800,0
"967",190210,0.0242919921875,1130,0
"968",190211,0.0242919921875,26483,0
"969",190212,0.0242919921875,17411,0
"970",190213,0.0242919921875,15320,0
"971",190214,0.0242919921875,13528,0
"972",190215,0.0242919921875,12815,0
"973",190216,0.0242919921875,1436,0
"974",190217,0.0242919921875,1066,0
"975",190218,0.0242919921875,23082,0
"976",190219,0.0242919921875,15403,0
"977",190220,0.0242919921875,14155,0
"978",190221,0.0242919921875,13366,0
"979",190222,0.0242919921875,13620,0
"980",190223,0.0242919921875,1663,0
"981",190224,0.0242919921875,1008,0
"982",190225,0.0242919921875,23459,0
"983",190226,0.0242919921875,16240,0
"984",190227,0.0242919921875,14589,0
"985",190228,0.0242919921875,13053,0
"986",190301,-0.254643653120313,584,0
"987",190302,-0.254643653120313,3255,0
"988",190303,-0.254643653120313,1710,0
"989",190304,-0.254643653120313,31012,0
"990",190305,-0.254643653120313,20489,0
"991",190306,-0.254643653120313,22578,0
"992",190307,-0.254643653120313,18655,0
"993",190308,-0.254643653120313,15521,0
"994",190309,-0.254643653120313,2032,0
"995",190310,-0.254643653120313,1411,0
"996",190311,-0.254643653120313,25115,0
"997",190312,-0.254643653120313,16660,0
"998",190313,-0.254643653120313,14438,0
"999",190314,-0.254643653120313,13433,0
"1000",190315,-0.254643653120313,11791,0
"1001",190316,-0.254643653120313,1433,0
"1002",190317,-0.254643653120313,712,0
"1003",190318,-0.254643653120313,22079,0
"1004",190319,-0.254643653120313,14613,0
"1005",190320,-0.254643653120313,13746,0
"1006",190321,-0.254643653120313,13567,0
"1007",190322,-0.254643653120313,12111,0
"1008",190323,-0.254643653120313,1506,0
"1009",190324,-0.254643653120313,905,0
"1010",190325,-0.254643653120313,22012,0
"1011",190326,-0.254643653120313,14454,0
"1012",190327,-0.254643653120313,12989,0
"1013",190328,-0.254643653120313,12901,0
"1014",190329,-0.254643653120313,11502,0
"1015",190330,-0.254643653120313,1692,0
"1016",190331,-0.254643653120313,716,0
"1017",190401,-0.255605697631836,22277,0
"1018",190402,-0.255605697631836,15041,0
"1019",190403,-0.255605697631836,13890,0
"1020",190404,-0.255605697631836,12683,0
"1021",190405,-0.255605697631836,12097,0
"1022",190406,-0.255605697631836,1257,0
"1023",190407,-0.255605697631836,703,0
"1024",190408,-0.255605697631836,21328,0
"1025",190409,-0.255605697631836,14471,0
"1026",190410,-0.255605697631836,13151,0
"1027",190411,-0.255605697631836,12822,0
"1028",190412,-0.255605697631836,12148,0
"1029",190413,-0.255605697631836,1282,0
"1030",190414,-0.255605697631836,873,0
"1031",190415,-0.255605697631836,21233,0
"1032",190416,-0.255605697631836,13934,0
"1033",190417,-0.255605697631836,13003,0
"1034",190418,-0.255605697631836,12365,0
"1035",190419,-0.255605697631836,11520,0
"1036",190420,-0.255605697631836,1383,0
"1037",190421,-0.255605697631836,798,0
"1038",190422,-0.255605697631836,20719,0
"1039",190423,-0.255605697631836,13932,0
"1040",190424,-0.255605697631836,12736,0
"1041",190425,-0.255605697631836,12051,0
"1042",190426,-0.255605697631836,11740,0
"1043",190427,-0.255605697631836,1363,0
"1044",190428,-0.255605697631836,929,0
"1045",190429,-0.255605697631836,20983,0
"1046",190430,-0.255605697631836,13762,0
"1047",190501,0.43111339956522,6157,0
"1048",190502,0.43111339956522,18160,0
"1049",190503,0.43111339956522,13266,0
"1050",190504,0.43111339956522,1569,0
"1051",190505,0.43111339956522,217,0
"1052",190506,0.43111339956522,4218,0
"1053",190507,0.43111339956522,25545,0
"1054",190508,0.43111339956522,14992,0
"1055",190509,0.43111339956522,13457,0
"1056",190510,0.43111339956522,12621,0
"1057",190511,0.43111339956522,1285,0
"1058",190512,0.43111339956522,672,0
"1059",190513,0.43111339956522,22802,0
"1060",190514,0.43111339956522,14999,0
"1061",190515,0.43111339956522,13291,0
"1062",190516,0.43111339956522,12487,0
"1063",190517,0.43111339956522,11889,0
"1064",190518,0.43111339956522,1134,0
"1065",190519,0.43111339956522,747,0
"1066",190520,0.43111339956522,21289,0
"1067",190521,0.43111339956522,16568,0
"1068",190522,0.43111339956522,13768,0
"1069",190523,0.43111339956522,13186,0
"1070",190524,0.43111339956522,12343,0
"1071",190525,0.43111339956522,1577,0
"1072",190526,0.43111339956522,699,0
"1073",190527,0.43111339956522,22044,0
"1074",190528,0.43111339956522,14989,0
"1075",190529,0.43111339956522,14233,0
"1076",190530,0.43111339956522,12153,0
"1077",190531,0.43111339956522,11070,0
"1078",200201,-0.509349465370178,2671,0
"1079",200202,-0.509349465370178,2215,2
"1080",200203,-0.509349465370178,36825,15
"1081",200204,-0.509349465370178,22759,0
"1082",200205,-0.509349465370178,20709,18
"1083",200206,-0.509349465370178,19913,23
"1084",200207,-0.509349465370178,18418,24
"1085",200208,-0.509349465370178,2377,24
"1086",200209,-0.509349465370178,1527,27
"1087",200210,-0.509349465370178,32102,27
"1088",200211,-0.509349465370178,20920,28
"1089",200212,-0.509349465370178,18700,28
"1090",200213,-0.509349465370178,17830,28
"1091",200214,-0.509349465370178,16160,28
"1092",200215,-0.509349465370178,2265,28
"1093",200216,-0.509349465370178,1003,29
"1094",200217,-0.509349465370178,28525,30
"1095",200218,-0.509349465370178,19564,31
"1096",200219,-0.509349465370178,22057,51
"1097",200220,-0.509349465370178,23824,104
"1098",200221,-0.509349465370178,24784,204
"1099",200222,-0.509349465370178,4297,433
"1100",200223,-0.509349465370178,2887,602
"1101",200224,-0.509349465370178,46815,833
"1102",200225,-0.509349465370178,29529,893
"1103",200226,-0.509349465370178,29079,1261
"1104",200227,-0.509349465370178,26436,1766
"1105",200228,-0.509349465370178,24497,2337
"1106",200301,-0.457763263157435,3259,3736
"1107",200302,-0.457763263157435,44531,4212
"1108",200303,-0.457763263157435,28173,4812
"1109",200304,-0.457763263157435,25941,5328
"1110",200305,-0.457763263157435,24219,5766
"1111",200306,-0.457763263157435,23751,6284
"1112",200307,-0.457763263157435,5022,6767
"1113",200308,-0.457763263157435,2546,7134
"1114",200309,-0.457763263157435,39085,7382
"1115",200310,-0.457763263157435,24992,7513
"1116",200311,-0.457763263157435,23681,7755
"1117",200312,-0.457763263157435,23234,7869
"1118",200313,-0.457763263157435,21327,7979
"1119",200314,-0.457763263157435,2941,8086
"1120",200315,-0.457763263157435,2242,8162
"1121",200316,-0.457763263157435,36478,8236
"1122",200317,-0.457763263157435,22010,8320
"1123",200318,-0.457763263157435,20510,8413
"1124",200319,-0.457763263157435,20298,8565
"1125",200320,-0.457763263157435,18275,8652
"1126",200321,-0.457763263157435,2705,8799
"1127",200322,-0.457763263157435,1964,8897
"1128",200323,-0.457763263157435,33926,8961
"1129",200324,-0.457763263157435,20440,9037
"1130",200325,-0.457763263157435,20332,9137
"1131",200326,-0.457763263157435,17967,9241
"1132",200327,-0.457763263157435,17067,9332
"1133",200328,-0.457763263157435,1937,9478
"1134",200329,-0.457763263157435,1540,9583
"1135",200330,-0.457763263157435,31109,9661
"1136",200331,-0.457763263157435,18384,9786
"1137",200401,-0.416164083613289,18887,9887
"1138",200402,-0.416164083613289,19932,9976
"1139",200403,-0.416164083613289,17421,10062
"1140",200404,-0.416164083613289,2195,10156
"1141",200405,-0.416164083613289,1523,10237
"1142",200406,-0.416164083613289,32344,10284
"1143",200407,-0.416164083613289,19867,10331
"1144",200408,-0.416164083613289,18835,10384
"1145",200409,-0.416164083613289,17494,10423
"1146",200410,-0.416164083613289,16178,10450
"1147",200411,-0.416164083613289,1984,10480
"1148",200412,-0.416164083613289,1354,10512
"1149",200413,-0.416164083613289,32439,10537
"1150",200414,-0.416164083613289,18950,10564
"1151",200415,-0.416164083613289,895,10591
"1152",200416,-0.416164083613289,26657,10613
"1153",200417,-0.416164083613289,17271,10635
"1154",200418,-0.416164083613289,2331,10653
"1155",200419,-0.416164083613289,1764,10661
"1156",200420,-0.416164083613289,31994,10674
"1157",200421,-0.416164083613289,19298,10683
"1158",200422,-0.416164083613289,19368,10694
"1159",200423,-0.416164083613289,17740,10702
"1160",200424,-0.416164083613289,17354,10708
"1161",200425,-0.416164083613289,1970,10718
"1162",200426,-0.416164083613289,1544,10728
"1163",200427,-0.416164083613289,32139,10738
"1164",200428,-0.416164083613289,20194,10752
"1165",200429,-0.416164083613289,18795,10761
"1166",200430,-0.416164083613289,702,10765
"1167",200501,-0.0652877211570741,12710,10774
"1168",200502,-0.0652877211570741,2294,10780
"1169",200503,-0.0652877211570741,2697,10793
"1170",200504,-0.0652877211570741,37252,10801
"1171",200505,-0.0652877211570741,1765,10804
"1172",200506,-0.0652877211570741,33209,10806
"1173",200507,-0.0652877211570741,21895,10810
"1174",200508,-0.0652877211570741,18825,10822
"1175",200509,-0.0652877211570741,2969,10840
"1176",200510,-0.0652877211570741,2038,10874
"1177",200511,-0.0652877211570741,34048,10909
"1178",200512,-0.0652877211570741,21962,10936
"1179",200513,-0.0652877211570741,20051,10962
"1180",200514,-0.0652877211570741,18895,10991
"1181",200515,-0.0652877211570741,17062,11018
"1182",200516,-0.0652877211570741,2463,11037
"1183",200517,-0.0652877211570741,1645,11050
"1184",200518,-0.0652877211570741,31469,11065
"1185",200519,-0.0652877211570741,21332,11078
"1186",200520,-0.0652877211570741,20336,11110
"1187",200521,-0.0652877211570741,18597,11122
"1188",200522,-0.0652877211570741,17748,11142
"1189",200523,-0.0652877211570741,3072,11165
"1190",200524,-0.0652877211570741,2209,11190
"1191",200525,-0.0652877211570741,33915,11206
"1192",200526,-0.0652877211570741,22297,11225
"1193",200527,-0.0652877211570741,20941,11265
"1194",200528,-0.0652877211570741,19514,11344
"1195",200529,-0.0652877211570741,17426,11402
"1196",200530,-0.0652877211570741,1454,11441
"1197",200531,-0.0652877211570741,1001,11468
